Homeallday_1500_1999,='Lookup Tables'!$D$9:$R$28
Homeallday_2000_2499,='Lookup Tables'!$D$34:$R$53
Homeallday_2500_2999,='Lookup Tables'!$D$59:$R$78
Homeallday_3000_3499,='Lookup Tables'!$D$84:$R$103
Homeallday_3500_3999,='Lookup Tables'!$D$109:$R$128
Homeallday_4000_4499,='Lookup Tables'!$D$134:$R$153
Homeallday_4500_4999,='Lookup Tables'!$D$159:$R$178
Homeallday_5000_5499,='Lookup Tables'!$D$184:$R$203
Homeallday_5500_5999,='Lookup Tables'!$D$209:$R$228
Inhalftheday_1500_1999,='Lookup Tables'!$V$9:$AJ$28
Inhalftheday_2000_2499,='Lookup Tables'!$V$34:$AJ$53
Inhalftheday_2500_2999,='Lookup Tables'!$V$59:$AJ$78
Inhalftheday_3000_3499,='Lookup Tables'!$V$84:$AJ$103
Inhalftheday_3500_3999,='Lookup Tables'!$V$109:$AJ$128
Inhalftheday_4000_4499,='Lookup Tables'!$V$134:$AJ$153
Inhalftheday_4500_4999,='Lookup Tables'!$V$159:$AJ$178
Inhalftheday_5000_5499,='Lookup Tables'!$V$184:$AJ$203
Inhalftheday_5500_5999,='Lookup Tables'!$V$209:$AJ$228
Ouallday_2000_2499,='Lookup Tables'!$AN$34:$BB$53
Outallday_1500_1999,='Lookup Tables'!$AN$9:$BB$28
Outallday_1500_2999,='Lookup Tables'!$AN$59:$BB$78
Outallday_2000_2499,='Lookup Tables'!$AN$34:$BB$53
Outallday_3000_3499,='Lookup Tables'!$AN$84:$BB$103
Outallday_3500_3999,='Lookup Tables'!$AN$109:$BB$128
Outallday_4000_4499,='Lookup Tables'!$AN$134:$BB$153
Outallday_4500_4999,='Lookup Tables'!$AN$159:$BB$178
Outallday_5000_5499,='Lookup Tables'!$AN$184:$BB$203
Outallday_5500_5999,='Lookup Tables'!$AN$209:$BB$228
Target_Range,='Test Tool'!$B$26:$P$45
